<?xml version="1.0" encoding="utf-8"?>
<ApplicationInstallerManifest>
   <DefaultInstallationDirectory>/Applications/Fossil/</DefaultInstallationDirectory>
   <ApplicationName>Fossil</ApplicationName>
   <ExecutableName>application/Fossil.exe</ExecutableName>
   <GUID>145aee8e-76ce-4807-9e9c-5378d7f264b7</GUID>
   <ApplicationIcon>icon_48.png</ApplicationIcon>
   <Logo>default_logo.png</Logo>
   <Version>0.9</Version>
   <InstallationNotes>In the following directions, replace MR/v98 by the directory on the target machine where MATLAB is installed, or MR by the directory where the MATLAB Runtime is installed.

If the environment variable DYLD_LIBRARY_PATH is undefined, set it to the following string:

MR/v98/runtime/maci64:MR/v98/sys/os/maci64:MR/v98/bin/maci64

If it is defined, set it to the following:

${DYLD_LIBRARY_PATH}:MR/v98/runtime/maci64:MR/v98/sys/os/maci64:MR/v98/bin/maci64
</InstallationNotes>
   <Summary>Homemade Fortran IDE using MATLAB app designer</Summary>
   <WelcomePanelText>Fossil 0.9
Homemade Fortran IDE using MATLAB app designer

IDE to help me learn Fortran

Nick Wade
nwade4@jh.edu</WelcomePanelText>
   <MCRProducts>
      <MCRProduct>
         <ExternalProductIdentifier>35000</ExternalProductIdentifier>
      </MCRProduct>
      <MCRProduct>
         <ExternalProductIdentifier>35010</ExternalProductIdentifier>
      </MCRProduct>
   </MCRProducts>
</ApplicationInstallerManifest>