<?xml version="1.0" encoding="utf-8"?>
<productAdditionalComps>
   <dependsOn>
      <component>
         <name>Fossil</name>
         <locale/>
         <platformList>
            <platform>maci64</platform>
         </platformList>
         <version>0.92</version>
      </component>
   </dependsOn>
   <isControllingProduct>true</isControllingProduct>
   <platform>maci64</platform>
   <productName>Fossil</productName>
   <productNumber>5000</productNumber>
   <productBaseCode>Fossil</productBaseCode>
   <productVersion>0.92</productVersion>
   <releaseFamily>R2020b</releaseFamily>
   <releaseDescription>R2020b</releaseDescription>
</productAdditionalComps>